,City,Cloudiness,Country,Date,Humidity,Lat,Lng,Max Temp,Wind Speed
0,Mataura,100,NZ,1562903958,89,-46.19,168.86,48.99,1.01
1,Ulaangom,100,MN,1562903960,92,49.98,92.07,54.72,6.04
2,Verkhoyansk,82,RU,1562903961,33,67.55,133.39,80.75,5.91
3,Ushuaia,75,AR,1562903962,99,-54.81,-68.31,39.2,14.99
4,Qorveh,0,IR,1562903963,25,35.17,47.8,68.82,3.29
5,Kitui,99,KE,1562903964,86,-1.37,38.02,64.57,2.82
6,Vaini,90,IN,1562903966,94,15.34,74.49,73.4,4.7
7,Punta Arenas,90,CL,1562903967,93,-53.16,-70.91,39.2,16.11
8,Magistralnyy,91,RU,1562903968,79,56.17,107.45,65.4,7.36
9,Alyangula,99,AU,1562903969,51,-13.85,136.42,82.4,9.17
10,Bredasdorp,96,ZA,1562903971,87,-34.53,20.04,55.4,1.12
11,Mar del Plata,0,AR,1562903972,67,-46.43,-67.52,40.0,7.07
12,Fairlie,1,US,1562903973,69,33.31,-95.96,84.0,4.7
13,Severo-Kurilsk,100,RU,1562903974,96,50.68,156.12,43.58,7.16
14,Lujan,0,AR,1562903976,67,-46.57,-67.67,40.0,7.07
15,Castro,90,CL,1562903977,93,-42.48,-73.76,46.4,14.99
16,Lavrentiya,0,RU,1562903978,31,65.58,-170.99,73.16,7.99
17,Moron,11,HT,1562903979,80,18.56,-74.26,80.03,3.31
18,Hithadhoo,0,MV,1562903980,75,-0.6,73.08,84.17,10.71
19,Nioki,52,CD,1562903982,78,-2.72,17.69,72.69,3.4
20,Saint-Philippe,90,CA,1562903983,93,45.36,-73.48,68.0,3.36
21,Menomonie,1,US,1562903984,77,44.88,-91.92,68.0,3.94
22,Zelenchukskaya,100,RU,1562903985,98,43.85,41.59,58.29,1.88
23,Hilo,75,US,1562903986,65,19.71,-155.08,80.6,5.82
24,Albany,90,US,1562903988,100,42.65,-73.75,75.2,4.97
25,Povolzhskiy,40,RU,1562903989,93,53.59,49.76,60.8,6.71
26,Kapaa,20,US,1562903855,69,22.08,-159.32,82.4,12.75
27,Puerto Ayora,0,EC,1562903991,93,-0.74,-90.35,71.01,4.0
28,New Norfolk,20,AU,1562903992,61,-42.78,147.06,48.2,23.04
29,Saldanha,0,PT,1562903994,47,41.42,-6.55,71.79,3.09
30,Utiel,0,ES,1562903995,78,39.57,-1.21,75.0,3.36
31,Talnakh,90,RU,1562903996,93,69.49,88.39,53.6,15.66
32,Kathu,0,ZA,1562903997,58,-27.7,23.05,36.0,2.93
33,Cape Town,75,ZA,1562903966,87,-33.93,18.42,55.0,11.41
34,Enid,1,US,1562903972,64,36.4,-97.88,78.01,4.7
35,Yar-Sale,97,RU,1562904001,74,66.83,70.83,62.98,15.79
36,Alexandria,0,RO,1562904002,90,43.97,25.33,55.0,8.03
37,Upernavik,67,GL,1562904003,93,72.79,-56.15,43.8,11.14
38,Puerto Ayacucho,75,CO,1562904005,94,5.66,-67.63,75.2,1.03
39,Egvekinot,9,RU,1562903906,26,66.32,-179.17,78.86,10.65
40,Razole,100,IN,1562904008,66,16.48,81.84,87.38,9.26
41,Tecoanapa,75,MX,1562904009,79,16.99,-99.26,84.2,1.03
42,Khash,0,IR,1562904011,21,28.22,61.21,79.74,5.12
43,Cherskiy,98,RU,1562904012,30,68.75,161.3,83.52,3.11
44,Villa Union,28,BO,1562904013,70,-10.79,-65.46,73.41,0.89
45,Ostrovnoy,100,RU,1562904015,98,68.05,39.51,40.52,24.61
46,Arraial do Cabo,0,BR,1562904016,71,-22.97,-42.02,64.98,5.55
47,Tacuarembo,100,UY,1562903786,90,-31.73,-55.98,61.6,12.35
48,Yellowknife,75,CA,1562903954,72,62.45,-114.38,60.8,8.05
49,Goundam,10,ML,1562904020,37,16.42,-3.66,91.5,6.91
50,Bridlington,0,GB,1562904021,93,54.08,-0.19,57.99,5.82
51,Constitucion,90,MX,1562904022,82,23.99,-104.67,60.8,4.7
52,Pevek,73,RU,1562904023,72,69.7,170.27,48.32,3.36
53,Paragominas,12,BR,1562904024,98,-3.0,-47.35,70.18,3.22
54,Altona,1,US,1562904026,83,41.11,-90.16,75.2,5.23
55,Atuona,25,PF,1562904027,78,-9.8,-139.03,80.97,18.72
56,Faanui,7,PF,1562904028,69,-16.48,-151.75,78.27,5.59
57,Torbay,90,CA,1562904029,100,47.66,-52.73,48.0,10.29
58,Port Elizabeth,75,US,1562904031,100,39.31,-74.98,73.99,3.36
59,Carnarvon,0,ZA,1562904032,39,-30.97,22.13,44.34,2.53
60,Georgetown,40,GY,1562903802,100,6.8,-58.16,75.2,2.24
61,Airai,6,TL,1562904034,41,-8.93,125.41,84.46,1.16
62,Belaya Gora,67,RU,1562904036,46,68.54,146.19,74.92,9.48
63,Tiksi,99,RU,1562904037,69,71.64,128.87,56.11,12.03
64,Almaznyy,20,RU,1562904038,82,48.03,40.04,62.6,4.47
65,Whitianga,100,NZ,1562904039,97,-36.83,175.7,59.0,3.0
66,Cidreira,100,BR,1562904041,73,-30.17,-50.22,61.15,8.93
67,Berlevag,0,NO,1562904042,70,70.86,29.09,48.2,2.24
68,Mogok,100,MM,1562904043,81,22.92,96.51,74.22,4.7
69,Atar,5,MR,1562904044,28,20.52,-13.05,84.03,1.36
70,Rikitea,0,PF,1562904046,81,-23.12,-134.97,73.35,14.32
71,Dikson,100,RU,1562904047,88,73.51,80.55,35.43,13.33
72,Oistins,20,BB,1562903806,74,13.07,-59.53,82.4,19.46
73,Tasiilaq,6,GL,1562904049,93,65.61,-37.64,41.0,4.7
74,Kodiak,1,US,1562904051,43,39.95,-94.76,73.4,3.36
75,Muros,20,ES,1562904052,100,42.77,-9.06,69.01,19.44
76,Biu,95,NG,1562904053,92,10.61,12.19,68.66,6.87
77,Nara,75,JP,1562904054,65,34.68,135.8,86.0,2.24
78,Noumea,0,NC,1562903763,53,-22.28,166.46,75.2,16.11
79,Sitka,59,US,1562904056,67,37.17,-99.65,73.0,4.0
80,Port Lincoln,100,AU,1562904058,70,-34.72,135.86,55.7,31.14
81,Doha,0,QA,1562903832,36,25.29,51.53,95.0,6.93
82,Hobart,20,AU,1562903959,61,-42.88,147.33,48.2,23.04
83,Tucurui,6,BR,1562903949,77,-3.77,-49.67,73.52,2.01
84,Katsuura,75,JP,1562904062,54,33.93,134.5,84.2,12.75
85,Hermanus,100,ZA,1562904064,99,-34.42,19.24,53.01,13.62
86,Wattegama,78,LK,1562904065,66,7.35,80.68,81.78,4.41
87,Busselton,100,AU,1562904066,50,-33.64,115.35,62.01,7.29
88,Usinsk,53,RU,1562904067,66,66.0,57.56,51.16,14.2
89,Kaeo,35,NZ,1562904069,89,-35.1,173.78,61.0,3.0
90,Codrington,0,AU,1562904070,31,-28.95,153.24,75.2,12.75
91,Dingle,73,PH,1562904071,72,11.0,122.67,84.08,5.86
92,Waipawa,100,NZ,1562904072,79,-39.94,176.59,53.01,3.0
93,Kutum,100,SD,1562904073,53,14.2,24.66,74.49,0.56
94,Mengyin,100,CN,1562904075,48,35.71,117.93,84.19,5.06
95,Narsaq,0,GL,1562904076,75,60.91,-46.05,46.4,3.36
96,Saint George,20,GR,1562904077,88,39.45,22.34,62.6,4.7
97,Sibolga,50,ID,1562904079,75,1.74,98.78,81.63,5.08
98,Dognecea,0,RO,1562904080,93,45.27,21.76,57.0,2.24
99,Walvis Bay,90,NA,1562904081,93,-22.95,14.51,55.4,3.36
100,Kenai,90,US,1562904082,82,60.55,-151.26,63.0,11.41
101,Bluff,0,AU,1562904083,32,-23.58,149.07,72.13,2.84
102,Ancud,90,CL,1562904085,93,-41.87,-73.83,46.4,14.99
103,Harper,1,US,1562904086,73,30.3,-99.24,82.4,6.31
104,Yinchuan,100,CN,1562904087,29,38.48,106.21,79.18,7.05
105,Leiyang,100,CN,1562904088,82,26.42,112.85,82.39,6.64
106,Dolores,99,UY,1562904089,97,-33.53,-58.22,60.18,4.12
107,Boda,100,CF,1562904091,94,4.32,17.47,67.36,1.68
108,Laurel,100,US,1562904092,100,39.1,-76.85,73.99,5.99
109,Yamada,75,JP,1562904093,69,36.58,137.08,82.0,17.22
110,East London,0,ZA,1562903839,87,-33.02,27.91,57.2,13.87
111,Clyde River,90,CA,1562904095,100,70.47,-68.59,37.4,11.41
112,Monaghan,75,GB,1562904097,87,54.25,-6.97,60.01,11.41
113,Cockburn Town,2,TC,1562904098,82,21.46,-71.14,81.47,17.43
114,Vostok,100,RU,1562904099,35,46.45,135.83,81.88,3.36
115,Weligama,99,LK,1562904100,78,5.97,80.42,82.91,10.85
116,Mujiayingzi,29,CN,1562904102,42,42.12,118.78,76.52,8.39
117,Port Alfred,98,ZA,1562904103,78,-33.59,26.89,61.0,7.0
118,Ormara,79,PK,1562904104,65,25.21,64.64,84.08,4.7
119,Oranjemund,0,ZA,1562904105,87,-28.55,16.43,55.12,12.62
120,Lure,0,FR,1562904106,82,47.69,6.5,63.0,5.82
121,Jamestown,100,AU,1562904108,73,-33.21,138.6,52.67,20.58
122,Port Hawkesbury,1,CA,1562904109,93,45.62,-61.36,55.0,6.93
123,Sao Filipe,0,CV,1562904110,87,14.9,-24.5,71.97,17.09
124,Boden,0,SE,1562904111,76,65.83,21.69,53.6,4.7
125,Karratha,0,AU,1562904113,16,-20.74,116.85,82.61,19.55
126,Tilichiki,49,RU,1562904114,66,60.47,166.1,62.0,8.72
127,Lebu,97,ET,1562904115,86,8.96,38.73,55.28,1.5
128,Balkanabat,95,TM,1562904116,34,39.51,54.36,90.2,6.35
129,Namatanai,100,PG,1562904118,69,-3.66,152.44,79.33,25.01
130,Vila Franca do Campo,20,PT,1562904119,88,37.72,-25.43,68.0,5.82
131,Gimli,11,CA,1562904120,79,50.63,-96.99,69.01,13.76
132,Khandbari,100,NP,1562904121,95,27.38,87.21,57.42,2.08
133,Zhigansk,34,RU,1562904122,31,66.77,123.37,84.91,12.66
134,Zhanakorgan,0,KZ,1562904124,14,43.91,67.25,90.9,19.91
135,Minot,1,US,1562904029,57,48.23,-101.3,77.0,12.75
136,Mitsamiouli,20,KM,1562904126,78,-11.38,43.28,71.6,5.82
137,Faya,40,SA,1562904127,56,18.39,42.45,71.6,3.85
138,Avarua,75,CK,1562904129,83,-21.21,-159.78,73.4,4.7
139,Jalu,0,LY,1562904130,35,29.03,21.55,79.71,4.52
140,Chokurdakh,28,RU,1562904131,54,70.62,147.9,62.34,8.72
141,Iqaluit,90,CA,1562904132,93,63.75,-68.52,41.0,8.05
142,Beringovskiy,0,RU,1562904133,51,63.05,179.32,69.02,5.66
143,Sterling,75,US,1562904090,94,39.0,-77.4,72.0,5.97
144,Provideniya,20,RU,1562904136,87,64.42,-173.23,55.4,13.42
145,Igarka,100,RU,1562904137,90,67.47,86.57,58.93,17.81
146,Colac,100,AU,1562904138,90,-38.34,143.59,54.0,7.0
147,Moree,0,AU,1562904140,39,-29.46,149.84,66.2,11.41
148,Bethel,90,US,1562904141,88,60.79,-161.76,69.8,13.87
149,Zhezkazgan,0,KZ,1562904142,20,47.8,67.71,82.4,8.95
150,Buchanan,75,LR,1562904143,94,5.88,-10.05,73.4,12.06
151,Sao Joao da Barra,0,BR,1562904126,89,-21.64,-41.05,59.31,1.83
152,Salalah,90,OM,1562904146,100,17.01,54.1,78.8,4.7
153,Kavieng,93,PG,1562904147,77,-2.57,150.8,81.9,18.9
154,Kirakira,74,SB,1562904148,74,-10.46,161.92,83.92,12.44
155,Nikolskoye,75,RU,1562904149,81,59.7,30.79,48.99,6.71
156,Hami,100,CN,1562904151,26,42.84,93.51,79.85,9.62
157,Mahajanga,20,MG,1562904152,64,-15.72,46.32,73.4,9.17
158,Arua,100,UG,1562904153,99,3.02,30.91,62.25,2.75
159,Castelo do Piaui,21,BR,1562904154,82,-5.32,-41.55,72.02,5.7
160,Bilciuresti,0,RO,1562904156,100,44.73,25.8,60.01,6.93
161,Karasuk,59,RU,1562904157,53,53.73,78.03,69.99,9.35
162,Kabinda,100,CD,1562904158,39,-6.14,24.49,73.57,2.53
163,Majene,0,ID,1562904159,79,-3.54,118.97,79.96,24.45
164,Port Dickson,75,MY,1562904160,66,2.52,101.79,87.8,5.82
165,Watsa,100,CD,1562904162,99,3.04,29.53,64.46,2.68
166,Chapais,90,CA,1562904163,93,49.78,-74.86,64.4,8.05
167,Ponta do Sol,0,BR,1562904164,59,-20.63,-46.0,54.33,2.8
168,Takaka,100,NZ,1562904165,89,-40.86,172.81,54.0,8.01
169,Nurota,0,UZ,1562904166,21,40.56,65.69,93.2,4.7
170,Killybegs,100,IE,1562904168,95,54.63,-8.45,54.0,1.99
171,Raudeberg,20,NO,1562904169,93,61.99,5.14,54.0,2.24
172,Shimoda,75,JP,1562904170,100,34.7,138.93,80.6,12.75
173,Roald,20,NO,1562904171,87,62.58,6.12,52.0,16.11
174,Komsomolskiy,100,RU,1562904173,92,67.55,63.78,54.87,16.08
175,Chuy,100,UY,1562904174,89,-33.69,-53.46,56.52,8.1
176,Quatre Cocos,20,MU,1562904175,82,-20.21,57.76,69.01,8.05
177,Aykhal,90,RU,1562904176,87,65.95,111.51,60.8,4.47
178,Lorengau,78,PG,1562904178,74,-2.02,147.27,81.76,15.1
179,Saint-Joseph,90,FR,1562904179,88,43.56,6.97,78.8,3.36
180,Esperance,90,AU,1562904180,76,-33.86,121.89,57.2,16.11
181,Nemuro,75,JP,1562904181,68,43.32,145.57,68.0,16.11
182,Homer,1,US,1562904182,63,59.64,-151.54,68.0,9.17
183,Bahir Dar,91,ET,1562904184,93,11.59,37.39,56.81,1.74
184,Leningradskiy,67,RU,1562904185,64,69.38,178.42,53.86,10.07
185,Kot Diji,0,PK,1562904186,52,27.34,68.71,91.05,16.4
186,Darab,27,IR,1562904187,20,28.75,54.55,79.87,1.92
187,Olenino,100,RU,1562904188,83,56.21,33.48,46.26,3.51
188,Biloela,0,AU,1562904190,27,-24.4,150.51,72.74,6.55
189,Moindou,0,NC,1562904191,53,-21.69,165.68,75.2,16.11
190,Camocim,0,BR,1562904192,96,-2.9,-40.84,70.78,4.56
191,Levokumskoye,27,RU,1562904193,79,44.82,44.66,66.87,13.13
192,Ilulissat,0,GL,1562904195,81,69.22,-51.1,44.6,1.12
193,Caravelas,94,BR,1562904196,70,-17.73,-39.27,72.63,6.11
194,Sibu,75,MY,1562904197,78,2.29,111.83,80.6,5.82
195,Lasa,75,CY,1562904198,83,34.92,32.53,78.8,9.17
196,Seymchan,0,RU,1562904199,28,62.93,152.39,83.15,6.82
197,Paamiut,6,GL,1562904201,91,61.99,-49.67,42.57,8.99
198,Riyadh,0,SA,1562904202,10,24.63,46.72,80.6,5.82
199,Ulladulla,0,AU,1562904203,45,-35.36,150.48,62.6,18.34
200,Qaanaaq,49,GL,1562904204,51,77.48,-69.36,45.85,9.08
201,Thompson,75,CA,1562904093,87,55.74,-97.86,57.2,3.36
202,Rongcheng,0,CN,1562904207,70,37.16,122.42,76.47,6.67
203,Souillac,0,FR,1562904208,88,45.6,-0.6,66.99,7.29
204,Zaraza,0,VE,1562904209,96,9.35,-65.33,71.57,5.28
205,Vestmannaeyjar,100,IS,1562904210,90,63.44,-20.27,52.58,8.63
206,Tigil,12,RU,1562904212,61,57.8,158.67,69.84,11.5
207,Khatanga,83,RU,1562904213,48,71.98,102.47,55.78,11.92
208,Bahia de Caraquez,0,EC,1562904214,88,-0.6,-80.42,71.6,13.87
209,Angoche,72,MZ,1562904215,80,-16.23,39.91,66.17,4.14
210,Kharp,100,RU,1562904216,86,66.82,65.8,55.35,6.96
211,Butaritari,55,KI,1562904218,75,3.07,172.79,85.02,10.38
212,Barrow,88,AR,1562904219,83,-38.31,-60.23,47.97,1.32
213,Seoul,75,KR,1562904001,57,37.57,126.98,80.6,4.7
214,Aksum,99,ET,1562904221,91,14.12,38.72,60.23,1.79
215,Bambous Virieux,20,MU,1562904223,82,-20.34,57.76,69.01,8.05
216,Vardo,40,US,1562904224,94,39.62,-77.74,71.6,4.7
217,Ketchikan,90,US,1562904225,87,55.34,-131.65,60.8,13.87
218,Buritis,0,BR,1562904226,63,-15.62,-46.42,59.91,2.04
219,Luganville,75,VU,1562904228,83,-15.51,167.18,80.6,9.17
220,Sihlea,75,RO,1562904229,93,45.5,27.13,57.2,4.7
221,Awbari,0,LY,1562904230,14,26.59,12.77,85.09,7.23
222,Talara,0,PE,1562904100,88,-4.58,-81.27,65.42,18.32
223,Kaitangata,100,NZ,1562904233,78,-46.28,169.85,48.99,1.99
224,Svetlaya,65,RU,1562904234,55,46.54,138.33,72.88,8.61
225,Mali,99,CN,1562904235,91,27.53,102.2,67.23,1.99
226,Isiro,100,CD,1562904237,99,2.77,27.62,65.09,1.83
227,Vestmanna,44,FO,1562904238,100,62.16,-7.17,50.0,9.17
228,Guerrero Negro,0,MX,1562904239,81,27.97,-114.04,67.92,21.9
229,San Patricio,0,PY,1562904240,72,-26.98,-56.83,67.41,9.13
230,Tuatapere,100,NZ,1562904242,89,-46.13,167.69,48.99,12.46
231,Ulaanbaatar,20,MN,1562903966,32,47.92,106.92,80.6,2.24
232,Shahrud,48,IR,1562904244,32,36.42,54.97,67.07,6.2
233,Weinan,0,CN,1562904245,51,34.5,109.46,84.2,6.71
234,Abha,40,SA,1562904246,56,18.22,42.5,71.6,8.68
235,Lulea,0,SE,1562904248,76,65.58,22.15,53.6,4.7
236,Broome,75,GB,1562904249,93,52.47,1.45,63.0,5.82
237,Zaria,75,NG,1562904250,95,11.11,7.72,67.88,7.2
238,Tuktoyaktuk,90,CA,1562904251,86,69.44,-133.03,37.4,11.41
239,Nichinan,75,JP,1562904253,52,31.65,131.31,87.8,14.99
240,Talcahuano,75,CL,1562904097,93,-36.72,-73.12,50.0,4.7
241,Alofi,40,NU,1562904255,88,-19.06,-169.92,77.0,11.41
242,Zunyi,100,CN,1562904256,98,27.73,106.92,67.02,3.36
243,Saskylakh,67,RU,1562904257,46,71.97,114.09,58.67,15.08
244,Aksarka,96,RU,1562904259,73,66.56,67.8,61.89,17.47
245,Qaqortoq,0,GL,1562904260,75,60.72,-46.03,46.4,3.36
246,Cibitoke,81,BI,1562904261,61,-2.89,29.12,60.14,4.16
247,Mopipi,0,BW,1562904262,38,-21.2,24.86,50.93,7.05
248,Okhotsk,54,RU,1562904263,61,59.36,143.24,70.2,10.65
249,Itambe,0,BR,1562904265,98,-15.24,-40.62,55.55,4.05
250,Lysva,100,RU,1562904266,95,58.11,57.8,56.96,5.59
251,Stromness,20,CA,1562904267,77,42.87,-79.55,71.6,9.17
252,Yulara,100,AU,1562904068,19,-25.24,130.99,69.8,6.93
253,Necochea,100,AR,1562904270,93,-38.55,-58.74,46.99,1.01
254,Husavik,20,CA,1562904271,79,50.56,-96.99,69.01,10.98
255,Rong Kwang,20,TH,1562904272,59,18.34,100.32,89.6,8.05
256,Gostyn,0,PL,1562904273,87,51.88,17.01,57.99,3.36
257,Vao,43,EE,1562904275,78,59.1,26.19,48.03,5.68
258,Haines Junction,54,CA,1562904276,52,60.75,-137.51,61.42,10.74
259,Kahului,40,US,1562904277,58,20.89,-156.47,87.8,14.99
260,Eldorado,0,BR,1562904278,94,-24.52,-48.11,54.47,1.83
261,Geraldton,20,CA,1562903990,82,49.72,-86.95,59.0,5.19
262,Port Shepstone,0,ZA,1562904280,42,-30.74,30.45,55.61,6.58
263,Leopold,1,US,1562904282,100,38.1,-86.58,75.99,5.37
264,Labuhan,0,ID,1562904283,52,-2.54,115.51,89.61,1.57
265,Lima,90,PE,1562903998,93,-12.06,-77.04,60.8,10.29
266,Acapulco,75,MX,1562904285,79,16.86,-99.88,84.2,3.27
267,Khor,33,RU,1562904287,72,47.88,134.96,78.23,5.23
268,Fortuna,90,US,1562904288,100,40.6,-124.16,64.0,9.17
269,San Cristobal,100,HN,1562904289,83,14.68,-86.92,69.16,7.38
270,Davila,20,PH,1562904290,70,18.47,120.58,87.8,6.93
271,Batagay-Alyta,72,RU,1562904292,40,67.8,130.41,71.86,7.38
272,Cayenne,75,GF,1562904293,100,4.94,-52.33,73.4,3.8
273,Victoria,75,BN,1562904277,88,5.28,115.24,87.8,4.7
274,De-Kastri,100,RU,1562904295,85,51.48,140.77,60.97,4.59
275,Sambava,9,MG,1562904096,96,-14.27,50.17,63.33,2.86
276,Ende,10,ID,1562904287,76,-8.84,121.65,76.7,7.34
277,Marsaxlokk,40,MT,1562904299,88,35.84,14.54,77.0,5.82
278,Kupang,20,ID,1562904300,40,-10.16,123.6,86.0,13.87
279,Imeni Poliny Osipenko,100,RU,1562904301,78,52.42,136.49,64.7,5.86
280,Rizhao,88,CN,1562904029,51,35.43,119.46,84.53,6.24
281,Yumen,1,CN,1562904303,25,40.29,97.04,81.29,11.77
282,Melilla,0,EC,1562904305,88,-0.8,-80.23,71.6,13.87
283,Lagoa Vermelha,92,BR,1562904072,89,-28.21,-51.53,53.05,4.59
284,Sajanan,0,TN,1562904307,100,37.06,9.24,69.8,3.91
285,Dicabisagan,43,PH,1562904308,73,17.08,122.42,86.3,4.92
286,Nador,90,MA,1562904309,94,35.17,-2.93,71.6,4.7
287,Labytnangi,100,RU,1562904311,76,66.66,66.39,58.67,8.23
288,Pochutla,100,MX,1562904312,84,15.74,-96.47,80.01,1.5
289,Cedral,77,MX,1562904313,57,23.82,-100.72,69.41,17.85
290,Kanigiri,100,IN,1562904314,54,15.41,79.51,86.38,14.9
291,Ewa Beach,40,US,1562904316,58,21.32,-158.01,84.99,17.22
292,Black River,20,JM,1562904123,74,18.03,-77.85,84.2,1.12
293,Hasaki,75,JP,1562904318,100,35.73,140.83,71.01,10.29
294,Luderitz,0,NA,1562904319,84,-26.65,15.16,55.28,12.77
295,Flin Flon,64,CA,1562904320,87,54.77,-101.88,55.57,2.28
296,Carbonia,0,IT,1562904322,83,39.17,8.53,72.0,10.29
297,Hualmay,59,PE,1562904323,88,-11.1,-77.61,62.57,16.89
298,Tezu,100,IN,1562904324,98,27.93,96.16,71.18,4.5
299,Taoudenni,42,ML,1562904325,19,22.68,-3.98,96.65,8.77
300,Ternate,75,PH,1562904327,70,14.29,120.72,91.0,6.93
301,Te Anau,100,NZ,1562904328,82,-45.41,167.72,44.75,3.87
302,Macamic,90,CA,1562904329,93,48.75,-79.0,57.2,11.41
303,Dandong,2,CN,1562904330,67,40.12,124.37,78.05,11.65
304,Ayagoz,0,KZ,1562904331,59,47.96,80.43,64.82,21.74
305,Waingapu,65,ID,1562904333,57,-9.65,120.26,79.6,15.32
306,Verkhoturye,100,RU,1562904334,76,58.86,60.81,61.49,5.28
307,Padang,0,ID,1562904335,74,-0.92,100.36,82.08,3.94
308,Meulaboh,100,ID,1562904336,80,4.14,96.13,81.81,6.26
309,Garowe,100,SO,1562904249,62,8.41,48.48,76.11,22.5
310,Puerto Rondon,98,CO,1562904339,97,6.28,-71.1,71.19,2.01
311,Mahebourg,20,MU,1562904276,82,-20.41,57.7,70.0,8.05
312,Hornepayne,0,CA,1562904341,52,49.22,-84.78,57.44,2.26
313,Eyl,100,SO,1562904342,59,7.98,49.82,77.71,27.0
314,Mul,100,IN,1562904343,91,20.07,79.68,76.93,4.36
315,Pedra Branca,15,BR,1562904345,92,-5.46,-39.72,67.18,5.77
316,Kantunilkin,75,MX,1562904346,74,21.1,-87.49,84.2,13.87
317,Pekan,75,MY,1562904347,70,3.49,103.39,87.8,4.7
318,Salacgriva,0,LV,1562904348,86,57.75,24.36,48.0,3.0
319,Nome,1,US,1562904349,94,30.04,-94.42,84.99,3.36
320,Leh,47,IN,1562904351,46,34.16,77.58,44.1,3.67
321,Severobaykalsk,61,RU,1562904352,40,55.65,109.32,71.59,7.14
322,Huarmey,21,PE,1562904353,90,-10.07,-78.15,62.95,15.93
323,Albania,100,CO,1562904354,87,5.76,-73.91,66.35,3.83
324,Kenora,90,CA,1562904355,69,49.76,-94.48,73.4,14.99
325,Guines,90,FR,1562904357,88,48.08,-1.34,63.0,4.7
326,Touros,44,BR,1562904358,76,-5.2,-35.46,79.67,18.5
327,Maceio,75,BR,1562904359,94,-9.67,-35.74,71.6,2.24
328,Trelew,0,AR,1562904360,50,-43.25,-65.31,44.73,6.38
329,Dunhua,12,CN,1562904362,71,43.37,128.23,73.37,8.72
330,Portsmouth,99,GB,1562904363,82,50.8,-1.08,63.0,5.82
331,Sungairaya,100,ID,1562904364,77,0.7,108.9,82.48,13.53
332,Ovre Ardal,0,NO,1562904365,100,61.32,7.8,55.4,5.82
333,Kailua,40,US,1562904367,58,21.39,-157.74,84.99,17.22
334,Los Llanos de Aridane,10,ES,1562904368,68,28.66,-17.92,68.0,5.82
335,Shamgarh,25,IN,1562904369,70,24.18,75.63,81.29,17.36
336,Yoichi,90,JP,1562904370,82,43.19,140.77,64.4,19.46
337,Nyurba,0,RU,1562904372,40,63.29,118.35,83.33,5.88
338,Dashitou,12,CN,1562904373,71,43.3,128.5,73.37,8.72
339,Kavaratti,52,IN,1562904374,82,10.57,72.64,82.98,12.28
340,Butia,0,BR,1562904375,66,-21.88,-47.57,56.47,4.65
341,Santa Marta,20,CO,1562904377,70,11.24,-74.21,84.2,6.93
342,Hambantota,40,LK,1562904378,84,6.12,81.12,86.0,14.99
343,Antofagasta,20,CL,1562904379,81,-23.65,-70.4,53.6,8.05
344,Ratnagiri,100,IN,1562904380,84,16.98,73.3,81.92,16.02
345,Belz,0,UA,1562904381,93,50.38,24.01,51.8,2.24
346,Moose Factory,1,CA,1562904383,87,51.26,-80.61,46.4,3.36
347,Kodino,100,RU,1562904384,97,63.72,39.64,41.67,8.63
348,Port Said,0,EG,1562904385,29,25.34,30.55,80.73,7.76
349,Inhambane,0,MZ,1562904386,89,-23.87,35.38,57.37,3.83
350,Kajaani,0,FI,1562904388,66,64.22,27.73,50.0,10.29
351,Mangrol,75,IN,1562904389,70,25.33,76.51,86.0,3.36
352,Villa Rica,75,CO,1562904390,69,3.18,-76.46,75.2,10.29
353,Kruisfontein,21,ZA,1562904391,85,-34.0,24.73,53.55,9.64
354,Norman Wells,40,CA,1562904392,58,65.28,-126.83,57.2,16.11
355,Petropavlovka,42,RU,1562904394,60,50.61,105.32,68.91,6.46
356,Portland,90,US,1562904098,93,43.66,-70.25,68.0,4.7
357,Natchez,90,US,1562904396,94,31.56,-91.4,78.01,5.82
358,Ginda,90,IN,1562904397,100,30.69,78.49,77.0,6.93
359,Dawlatabad,0,AF,1562904398,12,36.41,64.91,91.64,4.16
360,Tigzirt,0,DZ,1562904400,40,36.57,4.2,72.98,2.91
361,Pytalovo,32,RU,1562904401,94,57.06,27.92,44.73,1.54
362,Sola,81,TZ,1562904402,69,-3.17,33.8,62.28,6.62
363,Mount Isa,66,AU,1562904401,17,-20.73,139.49,75.2,10.29
364,Jiayuguan,0,CN,1562904404,29,39.77,98.29,76.7,13.96
365,Hanmer Springs,100,NZ,1562904406,93,-42.52,172.83,40.36,5.19
366,Oriximina,1,BR,1562904407,75,-1.77,-55.87,78.84,4.61
367,Arlit,24,NE,1562904408,8,18.74,7.39,91.08,6.35
368,Paramirim,0,BR,1562904409,71,-13.44,-42.24,59.85,6.4
369,Tessalit,56,ML,1562904410,31,20.2,1.01,87.99,9.35
370,Merauke,0,ID,1562904412,71,-8.49,140.4,77.91,14.18
371,Buraydah,0,SA,1562904413,33,26.33,43.97,77.0,5.82
372,Matara,94,BI,1562904414,72,-3.48,29.48,48.91,1.74
373,Mackenzie,75,CA,1562904415,93,55.34,-123.09,57.2,9.17
374,Chippewa Falls,1,US,1562904204,87,44.94,-91.39,66.99,4.36
375,Pontian Kecil,40,MY,1562904418,74,1.48,103.39,89.01,9.17
376,Yarmouth,90,CA,1562904342,82,43.84,-66.12,63.0,8.05
377,Fortuna Foothills,1,US,1562904420,18,32.66,-114.41,98.6,4.7
378,Bugene,100,TZ,1562904421,61,-1.59,31.14,66.71,1.39
379,Jaisalmer,67,IN,1562904422,62,26.91,70.91,85.48,30.74
380,Pascagoula,75,US,1562904424,94,30.37,-88.56,82.4,4.7
381,Madimba,75,CM,1562904425,100,4.42,9.93,73.4,1.41
382,Lhokseumawe,72,ID,1562904426,66,5.18,97.15,83.61,2.64
383,Hohhot,0,CN,1562904427,47,40.81,111.65,78.8,4.47
384,Santa Cruz,16,BR,1562904428,90,-6.22,-36.02,66.66,7.0
385,Przeworsk,0,PL,1562904430,93,50.06,22.49,54.0,4.7
386,Pamanukan,40,ID,1562904431,48,-6.28,107.82,86.03,4.36
387,Beruwala,20,LK,1562904432,80,6.48,79.98,82.66,10.8
388,Laktasi,0,BA,1562904433,87,44.91,17.3,55.4,4.7
389,Bubaque,100,GW,1562904435,84,11.28,-15.83,79.67,6.15
390,Teya,75,MX,1562904436,78,21.05,-89.07,82.99,6.67
391,Pisco,0,PE,1562904437,87,-13.71,-76.2,59.0,4.7
392,Nelson,100,CA,1562904438,68,49.49,-117.29,73.0,1.59
393,Anchorage,75,US,1562904440,77,61.22,-149.89,64.4,8.66
394,Alta Floresta,0,BR,1562904441,49,-9.87,-56.08,69.99,2.55
395,Quang Ngai,6,VN,1562904442,39,15.12,108.8,96.23,1.72
396,Diamantino,0,BR,1562904401,46,-14.4,-56.44,68.67,4.92
397,Reforma,90,MX,1562904444,82,24.02,-104.65,60.8,4.7
398,Caluquembe,0,AO,1562904446,31,-13.78,14.68,49.95,2.66
399,High Level,40,CA,1562904447,26,58.52,-117.13,78.8,2.24
400,Sorland,87,NO,1562904448,85,67.67,12.69,48.73,23.49
401,Progreso,90,UY,1562904261,100,-34.68,-56.22,55.4,6.93
402,Christchurch,100,NZ,1562904450,76,-43.53,172.64,55.99,12.75
403,Agdam,0,AZ,1562904451,71,39.99,46.93,64.1,3.47
404,Ust-Nera,62,RU,1562904387,41,64.57,143.24,71.57,8.14
405,Coos Bay,90,US,1562904454,93,43.37,-124.22,62.01,11.41
406,Arman,15,RU,1562904455,53,59.7,150.17,75.93,8.97
407,Zorritos,90,PE,1562904456,33,-3.68,-80.68,89.6,4.7
408,Calama,0,CL,1562904234,24,-22.46,-68.93,42.8,20.8
409,North Bend,90,US,1562904308,93,43.41,-124.22,62.01,8.05
410,Churapcha,0,RU,1562904460,35,62.0,132.43,85.92,4.83
411,Muroto,75,JP,1562904461,74,33.37,134.14,80.6,9.17
412,Cururupu,3,BR,1562904462,99,-1.82,-44.87,71.08,1.45
413,Rafaela,100,AR,1562904463,66,-31.25,-61.49,60.01,3.0
414,Ribeira Grande,0,PT,1562904339,78,38.52,-28.7,70.91,4.92
415,Mareeba,75,AU,1562904374,64,-16.99,145.42,78.01,12.75
416,Coahuayana,100,MX,1562904467,98,18.62,-100.35,71.46,3.65
417,Svodin,0,SK,1562904468,82,47.91,18.5,59.0,3.36
418,Bandar-e Lengeh,63,IR,1562904469,70,26.56,54.88,89.6,5.03
419,Namibe,9,AO,1562904470,85,-15.19,12.15,64.57,12.44
420,Saveh,0,IR,1562904472,20,35.02,50.36,79.02,8.59
421,Shelburne,75,CA,1562904331,82,44.08,-80.2,66.2,3.36
422,Ugoofaaru,100,MV,1562904474,70,5.67,73.0,83.76,7.38
423,Morbach,40,DE,1562904475,100,49.52,10.62,57.0,4.7
424,Aracati,37,BR,1562904477,73,-4.56,-37.77,74.79,6.55
425,Isangel,90,VU,1562904478,73,-19.55,169.27,77.0,9.17
426,Hamilton,20,CA,1562904479,77,43.26,-79.87,68.0,9.17
427,Ortakoy,40,TR,1562904480,93,38.74,34.04,59.0,5.82
428,Zheleznodorozhnyy,75,RU,1562904481,93,55.75,38.0,53.6,6.71
429,Polyarnyy,75,RU,1562904483,75,69.2,33.45,42.8,8.95
430,Burnie,100,AU,1562904484,65,-41.05,145.91,46.37,14.05
431,Gweru,0,ZW,1562904485,50,-19.46,29.82,45.17,5.61
432,Beloha,0,MG,1562904486,89,-25.17,45.06,57.96,5.12
433,Praia da Vitoria,0,PT,1562904488,93,38.73,-27.07,66.2,1.12
434,Uchiza,64,PE,1562904489,64,-8.46,-76.46,67.85,2.8
435,Salina,1,US,1562904421,54,38.84,-97.61,78.8,4.7
436,Swan River,64,CA,1562904491,96,52.11,-101.27,56.33,5.99
437,San Jeronimo,0,PE,1562904492,69,-13.65,-73.37,41.58,1.34
438,Filadelfia,80,PY,1562904493,53,-22.35,-60.04,71.91,6.87
439,Mana,100,NG,1562904338,70,13.03,5.27,79.4,19.01
440,Safford,1,US,1562904496,13,32.83,-109.71,98.6,13.87
441,Tiarei,20,PF,1562904497,74,-17.53,-149.33,80.6,11.41
442,Anori,74,BR,1562904498,96,-3.74,-61.66,72.43,2.15
443,Longyearbyen,75,NO,1562904499,87,78.22,15.63,42.8,17.22
444,Bushehr,20,IR,1562904501,62,28.97,50.84,89.6,13.56
445,Cabo San Lucas,20,MX,1562904495,42,22.89,-109.91,86.0,14.99
446,Mataram,29,ID,1562904503,64,-5.32,105.06,82.35,3.8
447,Dzhankoy,68,UA,1562904504,60,45.71,34.39,65.34,8.57
448,Naze,100,NG,1562904505,97,5.43,7.07,71.64,5.86
449,Karpogory,0,RU,1562904507,80,64.0,44.44,43.96,6.76
450,Suez,0,EG,1562904508,66,29.97,32.54,73.97,3.42
451,Bathsheba,20,BB,1562904475,74,13.22,-59.52,82.4,19.46
452,Morondava,0,MG,1562904510,62,-20.3,44.28,70.29,11.59
453,Koumac,8,NC,1562904511,73,-20.56,164.28,71.88,18.9
454,Avera,1,US,1562904513,94,33.19,-82.53,80.6,4.9
455,Hofn,84,IS,1562904332,87,64.25,-15.21,41.49,4.79
456,Aklavik,75,CA,1562904515,57,68.22,-135.01,50.0,13.87
457,Kaberamaido,98,UG,1562904516,94,1.76,33.16,64.84,2.84
458,Jerez,40,ES,1562904517,94,36.68,-6.14,71.6,3.36
459,Sobolevo,100,RU,1562904519,94,54.43,31.9,48.75,3.24
460,Broken Hill,40,AU,1562904266,42,-31.97,141.45,62.6,24.16
461,Edson,41,CA,1562904521,72,53.59,-116.44,64.4,1.74
462,Concordia,100,AR,1562904522,81,-31.4,-58.02,66.0,5.01
463,Luangwa,91,MZ,1562904523,76,-15.62,30.4,49.32,1.43
464,San Andres,30,PH,1562904525,58,13.32,122.68,89.75,4.21
465,Grindavik,75,IS,1562904526,100,63.84,-22.43,55.0,2.24
466,Kinablangan,81,PH,1562904527,64,7.69,126.55,82.8,5.5
467,Ardakan,40,IR,1562904528,15,32.31,54.02,91.4,6.93
468,Vila,40,IT,1562904529,88,45.18,8.4,70.0,6.93
469,Deputatskiy,74,RU,1562904531,41,69.3,139.9,72.54,10.29
470,Catuday,0,PH,1562904532,72,16.29,119.81,84.86,6.78
471,Nabire,30,ID,1562904533,64,-3.36,135.5,78.61,6.82
472,Beira,75,ES,1562904534,100,43.2,-8.36,64.0,1.12
473,Quchan,0,IR,1562904536,22,37.11,58.51,75.96,3.18
474,Solvychegodsk,88,RU,1562904537,87,61.33,46.92,47.22,0.58
475,Ozernovskiy,100,RU,1562904538,97,51.5,156.52,44.84,9.04
476,Bloemfontein,0,ZA,1562904506,37,-29.12,26.22,32.0,2.24
477,Ouahigouya,100,BF,1562904541,58,13.58,-2.42,82.95,12.48
478,Weingarten,60,DE,1562904542,93,47.81,9.64,59.0,3.67
479,Talas,44,KG,1562904543,87,42.52,72.24,71.01,3.69
480,Bayan,0,CN,1562904544,57,36.1,102.26,59.48,1.81
481,Falun,78,SE,1562904546,81,60.61,15.63,53.01,2.24
482,Nouadhibou,5,MR,1562904547,77,20.93,-17.03,69.8,18.34
483,Pokhara,100,NP,1562904305,92,28.21,83.99,59.38,2.59
484,Brazzaville,75,CD,1562904549,88,-4.27,15.27,71.6,2.24
485,Laguna,40,BZ,1562904550,88,16.17,-88.94,78.8,2.15
486,Izhma,13,RU,1562904552,64,65.01,53.91,50.12,5.44
487,Uray,33,RU,1562904553,65,60.13,64.8,64.68,6.6
488,Stege,100,DK,1562904554,100,54.99,12.28,62.01,2.24
489,Ponta Delgada,20,PT,1562904555,88,37.73,-25.67,68.0,5.82
490,Russell,1,US,1562904557,64,38.9,-98.86,77.0,8.05
491,Yaan,82,NG,1562904558,98,7.38,8.57,70.37,4.14
492,Xining,1,CN,1562904559,62,36.62,101.77,56.0,5.97
493,Sydney,0,AU,1562904501,35,-33.85,151.22,69.8,21.92
494,Hillsboro,1,US,1562904561,88,39.16,-89.49,75.99,5.82
495,Denpasar,75,ID,1562904348,74,-8.65,115.22,82.4,17.22
496,Linxia,0,CN,1562904564,49,35.6,103.21,64.61,4.81
497,Zhangye,55,CN,1562904565,25,38.94,100.46,74.25,2.21
498,Kungurtug,100,RU,1562904566,72,50.6,97.53,62.64,2.46
499,Omsukchan,99,RU,1562904567,30,62.53,155.8,75.39,0.54
500,Ravar,20,IR,1562904569,15,31.27,56.81,83.23,1.3
501,Smithers,75,CA,1562904570,60,54.78,-127.17,68.0,11.41
502,Kamaishi,75,JP,1562904389,93,39.28,141.86,64.4,10.29
503,Eureka,90,US,1562904370,100,40.8,-124.16,64.0,9.17
504,Wadi Musa,0,JO,1562904573,38,30.32,35.48,71.01,2.01
505,Visby,87,SE,1562904575,93,57.64,18.3,55.0,7.65
506,Banjar,90,ID,1562904576,70,-7.37,108.54,78.38,3.15
507,Port Hardy,75,CA,1562904291,77,50.7,-127.42,62.6,8.05
508,Vilhena,20,BR,1562904280,60,-12.74,-60.15,69.5,1.81
509,Perth,20,AU,1562904293,67,-31.95,115.86,64.0,11.41
510,Nizhnevartovsk,0,RU,1562904580,77,60.93,76.58,69.8,6.71
511,Pizarro,100,CO,1562904582,79,4.95,-77.37,80.48,5.39
512,Orange,1,US,1562904409,44,33.79,-117.85,80.6,5.82
513,Carutapera,13,BR,1562904584,93,-1.2,-46.02,74.52,3.98
514,Chandbali,99,IN,1562904585,61,20.77,86.74,88.44,15.03
515,Taonan,100,CN,1562904586,54,45.34,122.78,80.41,6.58
516,Bonavista,100,CA,1562904307,81,48.65,-53.11,46.99,8.01
517,Houston,1,US,1562904299,62,29.76,-95.37,91.0,10.29
518,Saint-Leu,75,RE,1562904590,83,-21.15,55.28,69.8,8.05
519,Marystown,0,CA,1562904591,89,47.17,-55.16,46.77,5.88
520,Kangaatsiaq,0,GL,1562904592,84,68.31,-53.46,44.63,6.93
521,Virginia Beach,90,US,1562904330,100,36.85,-75.98,75.2,5.82
522,Nanortalik,100,GL,1562904595,95,60.14,-45.24,38.87,2.08
523,Shihezi,0,CN,1562904596,24,44.3,86.03,84.28,6.13
524,Wladyslawowo,0,PL,1562904597,87,54.79,18.4,62.01,3.36
525,Srandakan,51,ID,1562904598,81,-7.94,110.25,76.09,12.91
526,Enshi,100,CN,1562904599,98,30.29,109.48,62.86,0.51
527,Northam,20,AU,1562904601,67,-31.65,116.67,60.8,10.29
528,Saravan,20,AM,1562904602,36,39.72,45.65,80.6,6.93
529,Liuzhou,100,CN,1562904603,88,24.32,109.41,80.75,6.49
530,Kalabo,50,ZM,1562904604,43,-15.0,22.67,47.94,4.32
531,Pindwara,42,IN,1562904606,66,24.79,73.05,82.75,21.36
532,Ahipara,0,NZ,1562904607,84,-35.17,173.16,61.1,20.85
533,Mount Gambier,40,AU,1562904314,66,-37.83,140.78,53.6,20.8
534,Epiniana,54,GR,1562904609,95,39.14,21.61,57.0,0.81
535,Port-Gentil,100,GA,1562904611,81,-0.72,8.78,74.9,11.77
536,Lobito,39,AO,1562904612,87,-12.35,13.55,65.4,1.48
537,Erenhot,93,CN,1562904613,30,43.65,111.97,79.46,5.08
538,Phuket,40,TH,1562904614,59,7.89,98.4,89.6,6.93
539,Ouesso,100,CG,1562904616,95,1.61,16.05,68.01,2.17
540,Sao Jose da Coroa Grande,34,BR,1562904617,95,-8.9,-35.15,69.09,2.59
